<databaseChangeLog
	xmlns="http://www.liquibase.org/xml/ns/dbchangelog"
	xmlns:ext="http://www.liquibase.org/xml/ns/dbchangelog-ext"
	xmlns:xsi="http://www.w3.org/2001/XMLSchema-instance"
	xsi:schemaLocation="http://www.liquibase.org/xml/ns/dbchangelog-ext
   http://www.liquibase.org/xml/ns/dbchangelog/dbchangelog-ext.xsd 
   http://www.liquibase.org/xml/ns/dbchangelog 
   http://www.liquibase.org/xml/ns/dbchangelog/dbchangelog-3.4.xsd">

	<changeSet author="savan.vaishnav" id="1613979347155-1245">
		<createTable tableName="CORE_MODULE_MDO">
			<column computed="false" autoIncrement="true" name="MODULEID" type="BIGINT" >
				<constraints nullable="false" />
			</column>
			<column computed="false" name="TENANTID" type="nvarchar(100) ">
				<constraints nullable="false" />
			</column>
			<column computed="false" name="USERMODIFIED" type="nvarchar(150)" />
			<column computed="false" name="DATEMODIFIED" type="BIGINT" />
			<column computed="false" name="DISP_CRITERIA" type="TINYINT" />
			<column computed="false" name="INDUSTRY" type="nvarchar(500)"/>
			<column computed="false" name="IS_SINGLE_RECORD" type="boolean"/>
			<column computed="false" name="SYSTEM_TYPE" type="nvarchar(500)"/>
			<column computed="false" name="OWNER" type="TINYINT">
				<constraints nullable="false"/>
			</column>
			<column computed="false" name="DATA_TYPE" type="TINYINT">
				<constraints nullable="false"/>
			</column>
			<column computed="false" name="PERSISTENT" type="TINYINT">
				<constraints nullable="false"/>
			</column>
			<column computed="false" name="DATA_PRIVACY" type="TINYINT"/>
		</createTable>
		<addPrimaryKey columnNames="MODULEID" constraintName="PK_CORE_MODULE_MDO" tableName="CORE_MODULE_MDO" />
	</changeSet>

	<changeSet author="savan.vaishnav" id="1613979347155-1863">
		<preConditions onFail="MARK_RAN">
			<not>
				<tableExists tableName="CORE_MODULE_DESCRIPTION" />
			</not>
		</preConditions>
		<createTable tableName="CORE_MODULE_DESCRIPTION">
			<column computed="false" name="MODULEID" type="BIGINT">
				<constraints nullable="false" />
			</column>
			<column computed="false" name="LANGUAGE" type="varchar(5)">
				<constraints nullable="false" />
			</column>
			<column computed="false" name="TENANTID" type="nvarchar(100)" >
				<constraints nullable="false" />
			</column>
			<column computed="false" name="DESCRIPTION" type="nvarchar(200)" />
			<column computed="false" name="INFORMATION" type="clob"/>
		</createTable>
		<addPrimaryKey columnNames="MODULEID, LANGUAGE, TENANTID" constraintName="PK_CORE_MODULE_DESCRIPTION"  tableName="CORE_MODULE_DESCRIPTION" />
	</changeSet>

	<changeSet author="savan.vaishnav" id="1613979347155-1469">
		<preConditions onFail="MARK_RAN">
			<not>
				<tableExists tableName="CORE_SUB_MODULE_MDO" />
			</not>
		</preConditions>
		<createTable tableName="CORE_SUB_MODULE_MDO">
			<column computed="false" name="UUID" type="varchar(50)">
				<constraints nullable="false" primaryKey="true" primaryKeyName="PK_CORE_SUB_MODULE_MDO" />
			</column>
			<column computed="false" name="MODULEID" type="BIGINT" />
			<column computed="false" name="PARENT_MODULEID" type="BIGINT" />
		</createTable>
	</changeSet>

	<changeSet author="savan.vaishnav" id="1613979347155-1954">
		<preConditions onFail="MARK_RAN">
			<not>
				<tableExists tableName="CORE_STRUCTURE_MDO" />
			</not>
		</preConditions>
		<createTable tableName="CORE_STRUCTURE_MDO">
			<column computed="false" name="STRUCTUREID" type="tinyint">
				<constraints nullable="false" />
			</column>
			<column computed="false" name="PARENT_STRUCID" type="tinyint" />
			<column computed="false" name="MODULEID" type="BIGINT" >
				<constraints nullable="false" />
			</column>
			<column computed="false" name="TENANTID" type="nvarchar(100)" >
				<constraints nullable="false" />
			</column>
			<column computed="false" name="IS_HEADER" type="boolean" />
			<column computed="false" name="LANGUAGE" type="varchar(5)"/>
			<column computed="false" name="STRUC_DESC" type="nvarchar(200)"/>
		</createTable>
		<addPrimaryKey columnNames="STRUCTUREID, MODULEID, TENANTID" constraintName="PK_CORE_STRUCTURE_MDO"  tableName="CORE_STRUCTURE_MDO" />
	</changeSet>

</databaseChangeLog>