<databaseChangeLog
	xmlns="http://www.liquibase.org/xml/ns/dbchangelog"
	xmlns:ext="http://www.liquibase.org/xml/ns/dbchangelog-ext"
	xmlns:xsi="http://www.w3.org/2001/XMLSchema-instance"
	xsi:schemaLocation="http://www.liquibase.org/xml/ns/dbchangelog-ext
   http://www.liquibase.org/xml/ns/dbchangelog/dbchangelog-ext.xsd
   http://www.liquibase.org/xml/ns/dbchangelog
   http://www.liquibase.org/xml/ns/dbchangelog/dbchangelog-3.4.xsd">

    <changeSet author="savan.vaishnav" id="1613979347155-1545">
        <createTable tableName="CORE_MODULE_MDO_AUD">
            <column computed="false" name="MODULEID" type="BIGINT">
                <constraints nullable="false"/>
            </column>
            <column computed="false" name="TENANTID" type="nvarchar(100)">
                <constraints nullable="false"/>
            </column>
            <column computed="false" name="USERMODIFIED" type="nvarchar(150)"/>
            <column computed="false" name="DATEMODIFIED" type="BIGINT"/>
            <column computed="false" name="DISP_CRITERIA" type="TINYINT"/>
            <!-- To enable auditing -->
            <column name="REV" type="BIGINT">
                <constraints nullable="false"/>
            </column>
            <column name="REVTYPE" type="TINYINT">
                <constraints nullable="false"/>
            </column>
            <column computed="false" name="INDUSTRY" type="nvarchar(500)"/>
            <column computed="false" name="IS_SINGLE_RECORD" type="boolean"/>
            <column computed="false" name="SYSTEM_TYPE" type="nvarchar(500)"/>
            <column computed="false" name="OWNER" type="TINYINT">
                <constraints nullable="false"/>
            </column>
            <column computed="false" name="DATA_TYPE" type="TINYINT">
                <constraints nullable="false"/>
            </column>
            <column computed="false" name="PERSISTENT" type="TINYINT">
                <constraints nullable="false"/>
            </column>
            <column computed="false" name="DATA_PRIVACY" type="TINYINT"/>
        </createTable>
        <addPrimaryKey columnNames="MODULEID, REV" constraintName="PK_CORE_MODULE_MDO_AUD"
                       tableName="CORE_MODULE_MDO_AUD"/>
    </changeSet>

    <changeSet author="savan.vaishnav" id="1613979347155-148">
        <preConditions onFail="MARK_RAN">
            <not>
                <tableExists tableName="CORE_MODULE_DESCRIPTION_AUD"/>
            </not>
        </preConditions>
        <createTable tableName="CORE_MODULE_DESCRIPTION_AUD">
            <column computed="false" name="MODULEID" type="BIGINT">
                <constraints nullable="false"/>
            </column>
            <column computed="false" name="LANGUAGE" type="varchar(5)">
                <constraints nullable="false"/>
            </column>
            <column computed="false" name="TENANTID" type="nvarchar(100)">
                <constraints nullable="false"/>
            </column>
            <column computed="false" name="DESCRIPTION" type="nvarchar(200)"/>
            <!-- To enable auditing -->
            <column name="REV" type="BIGINT">
                <constraints nullable="false"/>
            </column>
            <column name="REVTYPE" type="TINYINT">
                <constraints nullable="false"/>
            </column>
            <column computed="false" name="INFORMATION" type="clob"/>
        </createTable>
        <addPrimaryKey columnNames="MODULEID, LANGUAGE, TENANTID, REV" constraintName="PK_CORE_MODULE_DESCRIPTION_AUD"
                       tableName="CORE_MODULE_DESCRIPTION_AUD"/>
    </changeSet>

    <changeSet author="savan.vaishnav" id="1613979347155-165">
        <preConditions onFail="MARK_RAN">
            <not>
                <tableExists tableName="CORE_SUB_MODULE_MDO_AUD"/>
            </not>
        </preConditions>
        <createTable tableName="CORE_SUB_MODULE_MDO_AUD">
            <column computed="false" name="UUID" type="varchar(50)">
                <constraints nullable="false" primaryKey="true"
                             primaryKeyName="PK_CORE_SUB_MODULE_MDO_AUD"/>
            </column>
            <column computed="false" name="MODULEID" type="BIGINT"/>
            <column computed="false" name="PARENT_MODULEID" type="BIGINT"/>
            <!-- To enable auditing -->
            <column name="REV" type="BIGINT">
                <constraints primaryKey="true" nullable="false"/>
            </column>
            <column name="REVTYPE" type="TINYINT">
                <constraints nullable="false"/>
            </column>
        </createTable>
    </changeSet>

    <changeSet author="savan.vaishnav" id="1613979347155-121">
        <preConditions onFail="MARK_RAN">
            <not>
                <tableExists tableName="CORE_STRUCTURE_MDO_AUD"/>
            </not>
        </preConditions>
        <createTable tableName="CORE_STRUCTURE_MDO_AUD">
            <column computed="false" name="STRUCTUREID" type="tinyint">
                <constraints nullable="false"/>
            </column>
            <column computed="false" name="LANGUAGE" type="varchar(5)"/>
            <column computed="false" name="STRUC_DESC" type="nvarchar(200)"/>
            <column computed="false" name="PARENT_STRUCID" type="tinyint"/>
            <column computed="false" name="MODULEID" type="BIGINT">
                <constraints nullable="false"/>
            </column>
            <column computed="false" name="TENANTID" type="nvarchar(100)">
                <constraints nullable="false"/>
            </column>
            <column computed="false" name="IS_HEADER" type="boolean"/>
            <!-- To enable auditing -->
            <column name="REV" type="BIGINT">
                <constraints nullable="false"/>
            </column>
            <column name="REVTYPE" type="TINYINT">
                <constraints nullable="false"/>
            </column>
        </createTable>
        <addPrimaryKey columnNames="STRUCTUREID, MODULEID, TENANTID, REV" constraintName="PK_CORE_STRUCTURE_MDO_AUD"
                       tableName="CORE_STRUCTURE_MDO_AUD"/>
    </changeSet>

</databaseChangeLog>