<databaseChangeLog
        xmlns="http://www.liquibase.org/xml/ns/dbchangelog"
        xmlns:xsi="http://www.w3.org/2001/XMLSchema-instance"
        xsi:schemaLocation="http://www.liquibase.org/xml/ns/dbchangelog
   http://www.liquibase.org/xml/ns/dbchangelog/dbchangelog-3.4.xsd">

<!--     <changeSet author="jaineetsingh" id="1613979347155-1545-io991"> -->
<!--         <dropNotNullConstraint columnName="tenantid" -->
<!--                                tableName="core_module_mdo_aud"/> -->
<!--         <dropNotNullConstraint columnName="owner" -->
<!--                                tableName="core_module_mdo_aud"/> -->
<!--         <dropNotNullConstraint columnName="data_type" -->
<!--                                tableName="core_module_mdo_aud"/> -->
<!--         <dropNotNullConstraint columnName="persistent" -->
<!--                                tableName="core_module_mdo_aud"/> -->
<!--     </changeSet> -->
    <changeSet author="jaineetsingh" id="1613979347155-1545-jk34">
        <addColumn tableName="core_module_mdo_aud">
            <column name="type" type="nvarchar(10)" computed="false"/>
        </addColumn>
    </changeSet>
</databaseChangeLog>