<databaseChangeLog
	xmlns="http://www.liquibase.org/xml/ns/dbchangelog"
	xmlns:ext="http://www.liquibase.org/xml/ns/dbchangelog-ext"
	xmlns:xsi="http://www.w3.org/2001/XMLSchema-instance"
	xsi:schemaLocation="http://www.liquibase.org/xml/ns/dbchangelog-ext
   http://www.liquibase.org/xml/ns/dbchangelog/dbchangelog-ext.xsd 
   http://www.liquibase.org/xml/ns/dbchangelog 
   http://www.liquibase.org/xml/ns/dbchangelog/dbchangelog-3.4.xsd">
	
	<changeSet author="savan.vaishnav" id="1613979347155-492">
		<preConditions onFail="MARK_RAN">
			<not>
				<tableExists tableName="CORE_TAB_MDO_AUD" />
			</not>
		</preConditions>
		<createTable tableName="CORE_TAB_MDO_AUD">
			<column computed="false" name="TCODE" type="VARCHAR(50)">
				<constraints nullable="false" primaryKey="true" primaryKeyName="PK_CORE_TAB_MDO_AUD" />
			</column>
			<column computed="false" name="LAYOUTID" type="VARCHAR(50)" />
			<column computed="false" name="MODULEID" type="BIGINT" />
			<column computed="false" name="TENANTID" type="nvarchar(100)" />
			<column computed="false" name="USERMODIFIED" type="nvarchar(150)" />
			<column computed="false" name="DATECREATED" type="BIGINT" />
			<!-- To enable auditing -->
			<column name="REV" type="BIGINT">
                <constraints primaryKey="true" nullable="false" />
            </column>
			<column name="REVTYPE" type="TINYINT">
				<constraints nullable="false" />
			</column>
		</createTable>
	</changeSet>
	
	<changeSet author="savan.vaishnav" id="1613979347155-494">
		<preConditions onFail="MARK_RAN">
			<not>
				<tableExists tableName="CORE_TAB_LABELS_AUD" />
			</not>
		</preConditions>
		<createTable tableName="CORE_TAB_LABELS_AUD">
			<column computed="false" name="UUID" type="VARCHAR(50)">
				<constraints nullable="false" primaryKey="true" primaryKeyName="PK_CORE_TAB_LABELS_AUD" />
			</column>
			<column computed="false" name="TCODE" type="VARCHAR(50)" />
			<column computed="false" name="TAB_TEXT" type="nvarchar(200)" />
			<column computed="false" name="INFORMATION" type="clob" />
			<column computed="false" name="LANGUAGE" type="varchar(5)" />
			<!-- To enable auditing -->
			<column name="REV" type="BIGINT">
                <constraints primaryKey="true" nullable="false" />
            </column>
			<column name="REVTYPE" type="TINYINT">
				<constraints nullable="false" />
			</column>
		</createTable>
	</changeSet>
	
	<changeSet author="savan.vaishnav" id="1613979347155-496">
		<preConditions onFail="MARK_RAN">
			<not>
				<tableExists tableName="CORE_TAB_FIELDSAUD" />
			</not>
		</preConditions>
		<createTable tableName="CORE_TAB_FIELDS_AUD">
			<column computed="false" name="UUID" type="VARCHAR(50)">
				<constraints nullable="false" primaryKey="true" primaryKeyName="PK_CORE_TAB_FIELDS_AUD" />
			</column>
			<column computed="false" name="TCODE" type="varchar(50)" />
			<column computed="false" name="FIELDID" type="nvarchar(50)"/>
			<column computed="false" name="STRUCTUREID" type="TINYINT" />	
			<column computed="false" name="IS_MANDATORY" type="boolean" />
			<column computed="false" name="IS_READONLY" type="boolean" />
			<column computed="false" name="IS_HIDDEN" type="boolean" />
			<column computed="false" name="FIELD_ORDER" type="TINYINT" />	
			<column computed="false" name="MODULEID" type="BIGINT" />
			<column computed="false" name="TENANTID" type="nvarchar(100)" />
			<column computed="false" name="IS_ADD" type="boolean" />
			<column computed="false" name="IS_DELETE" type="boolean" />
			<!-- To enable auditing -->
			<column name="REV" type="BIGINT">
                <constraints primaryKey="true" nullable="false" />
            </column>
			<column name="REVTYPE" type="TINYINT">
				<constraints nullable="false" />
			</column>
		</createTable>
	</changeSet>
</databaseChangeLog>