<?xml version="1.0" encoding="UTF-8" standalone="no"?>
<databaseChangeLog xmlns="http://www.liquibase.org/xml/ns/dbchangelog"
                   xmlns:xsi="http://www.w3.org/2001/XMLSchema-instance"
                   xsi:schemaLocation="http://www.liquibase.org/xml/ns/dbchangelog
		http://www.liquibase.org/xml/ns/dbchangelog/dbchangelog-3.5.xsd">
	
	<!-- Created from SQL of quartz scheduler 2.2.3 Full Distribution Zip -->
	<changeSet author="panther" id="quartz-init">
		<preConditions onFail="MARK_RAN">
			<not>
				<tableExists tableName="MODULE_QRTZ_CALENDARS" />
				<tableExists tableName="MODULE_QRTZ_CRON_TRIGGERS"/>
				<tableExists tableName="MODULE_QRTZ_FIRED_TRIGGERS"/>
				<tableExists tableName="MODULE_QRTZ_PAUSED_TRIGGER_GRPS"/>
				<tableExists tableName="MODULE_QRTZ_SCHEDULER_STATE"/>
				<tableExists tableName="MODULE_QRTZ_LOCKS"/>
				<tableExists tableName="MODULE_QRTZ_JOB_DETAILS"/>
				<tableExists tableName="MODULE_QRTZ_SIMPLE_TRIGGERS"/>
				<tableExists tableName="MODULE_QRTZ_SIMPROP_TRIGGERS"/>
				<tableExists tableName="MODULE_QRTZ_BLOB_TRIGGERS"/>
				<tableExists tableName="MODULE_QRTZ_TRIGGERS"/>
			</not>
		</preConditions>
		<createTable tableName="MODULE_QRTZ_CALENDARS">
			<column name="SCHED_NAME" type="VARCHAR(120)">
				<constraints nullable="false"/>
			</column>
			<column name="CALENDAR_NAME" type="VARCHAR(200)">
				<constraints nullable="false"/>
			</column>
			<column name="CALENDAR" type="BLOB">
				<constraints nullable="false"/>
			</column>
		</createTable>
		
		<createTable tableName="MODULE_QRTZ_CRON_TRIGGERS">
			<column name="SCHED_NAME" type="VARCHAR(120)">
				<constraints nullable="false"/>
			</column>
			<column name="TRIGGER_NAME" type="VARCHAR(200)">
				<constraints nullable="false"/>
			</column>
			<column name="TRIGGER_GROUP" type="VARCHAR(200)">
				<constraints nullable="false"/>
			</column>
			<column name="CRON_EXPRESSION" type="VARCHAR(120)">
				<constraints nullable="false"/>
			</column>
			<column name="TIME_ZONE_ID" type="VARCHAR(80)">
				<constraints nullable="true"/>
			</column>
		</createTable>
		
		<createTable tableName="MODULE_QRTZ_FIRED_TRIGGERS">
			<column name="SCHED_NAME" type="VARCHAR(120)">
				<constraints nullable="false"/>
			</column>
			<column name="ENTRY_ID" type="VARCHAR(95)">
				<constraints nullable="false"/>
			</column>
			<column name="TRIGGER_NAME" type="VARCHAR(200)">
				<constraints nullable="false"/>
			</column>
			<column name="TRIGGER_GROUP" type="VARCHAR(200)">
				<constraints nullable="false"/>
			</column>
			<column name="INSTANCE_NAME" type="VARCHAR(200)">
				<constraints nullable="false"/>
			</column>
			<column name="FIRED_TIME" type="BIGINT">
				<constraints nullable="false"/>
			</column>
			<column name="SCHED_TIME" type="BIGINT">
				<constraints nullable="false"/>
			</column>
			<column name="PRIORITY" type="INT">
				<constraints nullable="false"/>
			</column>
			<column name="STATE" type="VARCHAR(16)">
				<constraints nullable="false"/>
			</column>
			<column name="JOB_NAME" type="VARCHAR(200)">
				<constraints nullable="true"/>
			</column>
			<column name="JOB_GROUP" type="VARCHAR(200)">
				<constraints nullable="true"/>
			</column>
			<column name="IS_NONCONCURRENT" type="VARCHAR(1)">
				<constraints nullable="true"/>
			</column>
			<column name="REQUESTS_RECOVERY" type="VARCHAR(1)">
				<constraints nullable="true"/>
			</column>
		</createTable>
		
		<createTable tableName="MODULE_QRTZ_PAUSED_TRIGGER_GRPS">
			<column name="SCHED_NAME" type="VARCHAR(120)">
				<constraints nullable="false"/>
			</column>
			<column name="TRIGGER_GROUP" type="VARCHAR(200)">
				<constraints nullable="false"/>
			</column>
		</createTable>
		
		<createTable tableName="MODULE_QRTZ_SCHEDULER_STATE">
			<column name="SCHED_NAME" type="VARCHAR(120)">
				<constraints nullable="false"/>
			</column>
			<column name="INSTANCE_NAME" type="VARCHAR(200)">
				<constraints nullable="false"/>
			</column>
			<column name="LAST_CHECKIN_TIME" type="BIGINT">
				<constraints nullable="false"/>
			</column>
			<column name="CHECKIN_INTERVAL" type="BIGINT">
				<constraints nullable="false"/>
			</column>
		</createTable>
		
		<createTable tableName="MODULE_QRTZ_LOCKS">
			<column name="SCHED_NAME" type="VARCHAR(120)">
				<constraints nullable="false"/>
			</column>
			<column name="LOCK_NAME" type="VARCHAR(40)">
				<constraints nullable="false"/>
			</column>
		</createTable>
		
		<createTable tableName="MODULE_QRTZ_JOB_DETAILS">
			<column name="SCHED_NAME" type="VARCHAR(120)">
				<constraints nullable="false"/>
			</column>
			<column name="JOB_NAME" type="VARCHAR(200)">
				<constraints nullable="false"/>
			</column>
			<column name="JOB_GROUP" type="VARCHAR(200)">
				<constraints nullable="false"/>
			</column>
			<column name="DESCRIPTION" type="VARCHAR(250)">
				<constraints nullable="true"/>
			</column>
			<column name="JOB_CLASS_NAME" type="VARCHAR(250)">
				<constraints nullable="false"/>
			</column>
			<column name="IS_DURABLE" type="VARCHAR(1)">
				<constraints nullable="false"/>
			</column>
			<column name="IS_NONCONCURRENT" type="VARCHAR(1)">
				<constraints nullable="false"/>
			</column>
			<column name="IS_UPDATE_DATA" type="VARCHAR(1)">
				<constraints nullable="false"/>
			</column>
			<column name="REQUESTS_RECOVERY" type="VARCHAR(1)">
				<constraints nullable="false"/>
			</column>
			<column name="JOB_DATA" type="BLOB">
				<constraints nullable="true"/>
			</column>
		</createTable>
		
		<createTable tableName="MODULE_QRTZ_SIMPLE_TRIGGERS">
			<column name="SCHED_NAME" type="VARCHAR(120)">
				<constraints nullable="false"/>
			</column>
			<column name="TRIGGER_NAME" type="VARCHAR(200)">
				<constraints nullable="false"/>
			</column>
			<column name="TRIGGER_GROUP" type="VARCHAR(200)">
				<constraints nullable="false"/>
			</column>
			<column name="REPEAT_COUNT" type="BIGINT">
				<constraints nullable="false"/>
			</column>
			<column name="REPEAT_INTERVAL" type="BIGINT">
				<constraints nullable="false"/>
			</column>
			<column name="TIMES_TRIGGERED" type="BIGINT">
				<constraints nullable="false"/>
			</column>
		</createTable>
		
		<createTable tableName="MODULE_QRTZ_SIMPROP_TRIGGERS">
			<column name="SCHED_NAME" type="VARCHAR(120)">
				<constraints nullable="false"/>
			</column>
			<column name="TRIGGER_NAME" type="VARCHAR(200)">
				<constraints nullable="false"/>
			</column>
			<column name="TRIGGER_GROUP" type="VARCHAR(200)">
				<constraints nullable="false"/>
			</column>
			<column name="STR_PROP_1" type="VARCHAR(512)">
				<constraints nullable="true"/>
			</column>
			<column name="STR_PROP_2" type="VARCHAR(512)">
				<constraints nullable="true"/>
			</column>
			<column name="STR_PROP_3" type="VARCHAR(512)">
				<constraints nullable="true"/>
			</column>
			<column name="INT_PROP_1" type="INT">
				<constraints nullable="true"/>
			</column>
			<column name="INT_PROP_2" type="INT">
				<constraints nullable="true"/>
			</column>
			<column name="LONG_PROP_1" type="BIGINT">
				<constraints nullable="true"/>
			</column>
			<column name="LONG_PROP_2" type="BIGINT">
				<constraints nullable="true"/>
			</column>
			<column name="DEC_PROP_1" type="NUMERIC(13,4)">
				<constraints nullable="true"/>
			</column>
			<column name="DEC_PROP_2" type="NUMERIC(13,4)">
				<constraints nullable="true"/>
			</column>
			<column name="BOOL_PROP_1" type="VARCHAR(1)">
				<constraints nullable="true"/>
			</column>
			<column name="BOOL_PROP_2" type="VARCHAR(1)">
				<constraints nullable="true"/>
			</column>
		</createTable>
		
		<createTable tableName="MODULE_QRTZ_BLOB_TRIGGERS">
			<column name="SCHED_NAME" type="VARCHAR(120)">
				<constraints nullable="false"/>
			</column>
			<column name="TRIGGER_NAME" type="VARCHAR(200)">
				<constraints nullable="false"/>
			</column>
			<column name="TRIGGER_GROUP" type="VARCHAR(200)">
				<constraints nullable="false"/>
			</column>
			<column name="BLOB_DATA" type="BLOB">
				<constraints nullable="true"/>
			</column>
		</createTable>
		
		<createTable tableName="MODULE_QRTZ_TRIGGERS">
			<column name="SCHED_NAME" type="VARCHAR(120)">
				<constraints nullable="false"/>
			</column>
			<column name="TRIGGER_NAME" type="VARCHAR(200)">
				<constraints nullable="false"/>
			</column>
			<column name="TRIGGER_GROUP" type="VARCHAR(200)">
				<constraints nullable="false"/>
			</column>
			<column name="JOB_NAME" type="VARCHAR(200)">
				<constraints nullable="false"/>
			</column>
			<column name="JOB_GROUP" type="VARCHAR(200)">
				<constraints nullable="false"/>
			</column>
			<column name="DESCRIPTION" type="VARCHAR(250)">
				<constraints nullable="true"/>
			</column>
			<column name="NEXT_FIRE_TIME" type="BIGINT">
				<constraints nullable="true"/>
			</column>
			<column name="PREV_FIRE_TIME" type="BIGINT">
				<constraints nullable="true"/>
			</column>
			<column name="PRIORITY" type="INT">
				<constraints nullable="true"/>
			</column>
			<column name="TRIGGER_STATE" type="VARCHAR(16)">
				<constraints nullable="false"/>
			</column>
			<column name="TRIGGER_TYPE" type="VARCHAR(8)">
				<constraints nullable="false"/>
			</column>
			<column name="START_TIME" type="BIGINT">
				<constraints nullable="false"/>
			</column>
			<column name="END_TIME" type="BIGINT">
				<constraints nullable="true"/>
			</column>
			<column name="CALENDAR_NAME" type="VARCHAR(200)">
				<constraints nullable="true"/>
			</column>
			<column name="MISFIRE_INSTR" type="TINYINT">
				<constraints nullable="true"/>
			</column>
			<column name="JOB_DATA" type="BLOB">
				<constraints nullable="true"/>
			</column>
		</createTable>
		
		<addPrimaryKey columnNames="SCHED_NAME, CALENDAR_NAME" tableName="MODULE_QRTZ_CALENDARS" constraintName="PK_MODULE_QRTZ_CALENDARS"/>
		
		<addPrimaryKey columnNames="SCHED_NAME, TRIGGER_NAME, TRIGGER_GROUP" tableName="MODULE_QRTZ_CRON_TRIGGERS" constraintName="PK_MODULE_QRTZ_CRON_TRIGGERS"/>
		
		<addPrimaryKey columnNames="SCHED_NAME, ENTRY_ID" tableName="MODULE_QRTZ_FIRED_TRIGGERS" constraintName="PK_MODULE_QRTZ_FIRED_TRIGGERS"/>
		
		<addPrimaryKey columnNames="SCHED_NAME, TRIGGER_GROUP" tableName="MODULE_QRTZ_PAUSED_TRIGGER_GRPS" constraintName="PK_MODULE_QRTZ_PAUSED_TRIGGER_GRPS"/>
		
		<addPrimaryKey columnNames="SCHED_NAME, INSTANCE_NAME" tableName="MODULE_QRTZ_SCHEDULER_STATE" constraintName="PK_MODULE_QRTZ_SCHEDULER_STATE"/>
		
		<addPrimaryKey columnNames="SCHED_NAME, LOCK_NAME" tableName="MODULE_QRTZ_LOCKS" constraintName="PK_MODULE_QRTZ_LOCKS"/>
		
		<addPrimaryKey columnNames="SCHED_NAME, JOB_NAME, JOB_GROUP" tableName="MODULE_QRTZ_JOB_DETAILS" constraintName="PK_MODULE_QRTZ_JOB_DETAILS"/>
		
		<addPrimaryKey columnNames="SCHED_NAME, TRIGGER_NAME, TRIGGER_GROUP" tableName="MODULE_QRTZ_SIMPLE_TRIGGERS" constraintName="PK_MODULE_QRTZ_SIMPLE_TRIGGERS"/>
		
		<addPrimaryKey columnNames="SCHED_NAME, TRIGGER_NAME, TRIGGER_GROUP" tableName="MODULE_QRTZ_SIMPROP_TRIGGERS" constraintName="PK_MODULE_QRTZ_SIMPROP_TRIGGERS"/>
		
		<addPrimaryKey columnNames="SCHED_NAME, TRIGGER_NAME, TRIGGER_GROUP" tableName="MODULE_QRTZ_TRIGGERS" constraintName="PK_MODULE_QRTZ_TRIGGERS"/>
		
		<addForeignKeyConstraint constraintName="FK_MODULE_QRTZ_CRON_TRIGGERS_QRTZ_TRIGGERS" onDelete="CASCADE"
			baseTableName="MODULE_QRTZ_CRON_TRIGGERS" 
			referencedTableName="MODULE_QRTZ_TRIGGERS" 
			baseColumnNames="SCHED_NAME, TRIGGER_NAME, TRIGGER_GROUP"  
			referencedColumnNames="SCHED_NAME, TRIGGER_NAME, TRIGGER_GROUP"/>
		
		<addForeignKeyConstraint constraintName="FK_MODULE_QRTZ_SIMPLE_TRIGGERS_QRTZ_TRIGGERS" onDelete="CASCADE"
			baseTableName="MODULE_QRTZ_SIMPLE_TRIGGERS" 
			referencedTableName="MODULE_QRTZ_TRIGGERS" 
			baseColumnNames="SCHED_NAME, TRIGGER_NAME, TRIGGER_GROUP"  
			referencedColumnNames="SCHED_NAME, TRIGGER_NAME, TRIGGER_GROUP"/>
			
		<addForeignKeyConstraint constraintName="FK_MODULE_QRTZ_SIMPROP_TRIGGERS_QRTZ_TRIGGERS" onDelete="CASCADE"
			baseTableName="MODULE_QRTZ_SIMPROP_TRIGGERS" 
			referencedTableName="MODULE_QRTZ_TRIGGERS" 
			baseColumnNames="SCHED_NAME, TRIGGER_NAME, TRIGGER_GROUP"  
			referencedColumnNames="SCHED_NAME, TRIGGER_NAME, TRIGGER_GROUP"/>
			
		<addForeignKeyConstraint constraintName="FK_MODULE_QRTZ_TRIGGERS_QRTZ_JOB_DETAILS" onDelete="NO ACTION"
			baseTableName="MODULE_QRTZ_TRIGGERS" 
			referencedTableName="MODULE_QRTZ_JOB_DETAILS" 
			baseColumnNames="SCHED_NAME, JOB_NAME, JOB_GROUP"  
			referencedColumnNames="SCHED_NAME, JOB_NAME, JOB_GROUP"/>
		
	</changeSet>

</databaseChangeLog>