<databaseChangeLog
		xmlns="http://www.liquibase.org/xml/ns/dbchangelog"
		xmlns:xsi="http://www.w3.org/2001/XMLSchema-instance"
		xsi:schemaLocation="http://www.liquibase.org/xml/ns/dbchangelog
   http://www.liquibase.org/xml/ns/dbchangelog/dbchangelog-3.4.xsd">

	<changeSet id="hibernate-seq" author="panther" dbms="postgresql">
    	<createSequence sequenceName="hibernate_sequence" startValue="1" incrementBy="1"/>
	</changeSet>

	<include file="db/changelog/module.quartz-tables.xml"/>
	<include file="db/changelog/grid/grid.changelog-01.xml"/>
	<include file="db/changelog/grid/grid.changelog-02.xml"/>
	<include file="db/changelog/grid/grid.audit.changelog-01.xml"/>
	<include file="db/changelog/grid/grid.audit.changelog-02.xml"/>
	<include file="db/changelog/layout/layout.changelog-01.xml"/>
	<include file="db/changelog/layout/layout.changelog-02.xml"/>
	<include file="db/changelog/layout/layout.changelog-03.xml"/>
	<include file="db/changelog/layout/layout.audit.changelog-01.xml"/>
	<include file="db/changelog/layout/layout.audit.changelog-02.xml"/>
	<include file="db/changelog/layout/layout.audit.changelog-03.xml"/>
	<include file="db/changelog/metadata/metadata.changelog-01.xml"/>
	<include file="db/changelog/metadata/metadata.changelog-02.xml"/>
	<include file="db/changelog/metadata/metadata.changelog-03.xml"/>
	<include file="db/changelog/metadata/metadata.audit.changelog-01.xml"/>
	<include file="db/changelog/metadata/metadata.audit.changelog-02.xml"/>
	<include file="db/changelog/metadata/metadata.audit.changelog-03.xml"/>
	<include file="db/changelog/module/module.audit.changelog-01.xml"/>
	<include file="db/changelog/module/module.audit.changelog-02.xml"/>
	<include file="db/changelog/module/module.changelog-01.xml"/>
	<include file="db/changelog/module/module.changelog-02.xml"/>
	<include file="db/changelog/auditentity/audit.changelog-01.xml"/>
	<include file="db/changelog/tab/tab.changelog-01.xml"/>
	<include file="db/changelog/tab/tab.changelog-02.xml"/>
	<include file="db/changelog/tab/tab.audit.changelog-01.xml"/>
	<include file="db/changelog/tab/tab.audit.changelog-02.xml"/>
	<include file="db/changelog/virtualdata/virtualdata.audit.changelog-01.xml"/>
	<include file="db/changelog/virtualdata/virtualdata.changelog-01.xml"/>

</databaseChangeLog>