<databaseChangeLog
        xmlns="http://www.liquibase.org/xml/ns/dbchangelog"
        xmlns:xsi="http://www.w3.org/2001/XMLSchema-instance"
        xsi:schemaLocation="http://www.liquibase.org/xml/ns/dbchangelog
   http://www.liquibase.org/xml/ns/dbchangelog/dbchangelog-3.4.xsd">

    <changeSet author="jaineet.singh" id="4c6eb957-2b41-4bf6-beaa-f8daba0a4f1f">
        <addColumn tableName="core_grid_setting_mdo">
            <column name="moduleid" type="bigint">
            <constraints nullable="false"/>
            </column>
        </addColumn>
    </changeSet>

    <changeSet author="jaineet.singh" id="257926a8-9f44-4c0d-9dc1-1fc32761e1e9">
        <addColumn tableName="core_grid_setting_mdo">
            <column name="gridfieldid" type="nvarchar(50)">
                <constraints nullable="false" />
            </column>
        </addColumn>
    </changeSet>
    <changeSet author="jaineet.singh" id="afe6a1b7-70ea-4c21-bf5c-3f7a600a456h">
        <addColumn tableName="core_grid_setting_mdo">
            <column name="is_sort" type="boolean" defaultValueBoolean="false"/>
            <column name="is_sequence" type="boolean" defaultValueBoolean="false"/>
            <column name="is_unique" type="boolean" defaultValueBoolean="false"/>
            <column name="is_editable" type="boolean" defaultValueBoolean="false"/>
            <column name="is_mandatory" type="boolean" defaultValueBoolean="false"/>
            <column name="sort_type" type="nvarchar(10)"/>
        </addColumn>
    </changeSet>
    <changeSet author="jaineet.singh" id="afe6a1b7-70ea-4c21-bf5c-3f7a600a456i">
        <preConditions onFail="MARK_RAN">
            <not>
                <tableExists tableName="core_grid_sequence_setting" />
            </not>
        </preConditions>
        <createTable tableName="core_grid_sequence_setting">
            <column computed="false" name="grid_setting_uuid" type="nvarchar(150)">
                <constraints nullable="false"/>
            </column>
            <column computed="false" name="module_id" type="bigint">
                <constraints nullable="false"/>
            </column>
            <column computed="false" name="sequence_start" type="bigint"/>
            <column computed="false" name="sequence_interval" type="int"/>
            <column computed="false" name="tenant_id" type="nvarchar(100)">
                <constraints nullable="false"/>
            </column>
        </createTable>
        <addPrimaryKey columnNames="tenant_id,module_id,grid_setting_uuid" constraintName="PK_CRUD_SEQUENCE"
                       tableName="core_grid_sequence_setting"/>
    </changeSet>
</databaseChangeLog>