<databaseChangeLog
        xmlns="http://www.liquibase.org/xml/ns/dbchangelog"
        xmlns:xsi="http://www.w3.org/2001/XMLSchema-instance"
        xsi:schemaLocation="http://www.liquibase.org/xml/ns/dbchangelog
   http://www.liquibase.org/xml/ns/dbchangelog/dbchangelog-3.4.xsd">

    <changeSet author="jaineet.singh" id="210b6d50-f15d-446e-ad64-6147e149e6bc">
        <addColumn tableName="core_grid_setting_mdo_aud">
            <column name="moduleid" type="bigint"/>
        </addColumn>
    </changeSet>
    <changeSet author="jaineet.singh" id="afe6a1b7-70ea-4c21-bf5c-3f7a600a456f">
        <addColumn tableName="core_grid_setting_mdo_aud">
            <column name="gridfieldid" type="nvarchar(50)"/>
        </addColumn>
    </changeSet>
    <changeSet author="jaineet.singh" id="afe6a1b7-70ea-4c21-bf5c-3f7a600a456g">
        <addColumn tableName="core_grid_setting_mdo_aud">
            <column name="is_sort" type="boolean" defaultValueBoolean="false"/>
            <column name="is_sequence" type="boolean" defaultValueBoolean="false"/>
            <column name="is_unique" type="boolean" defaultValueBoolean="false"/>
            <column name="is_editable" type="boolean" defaultValueBoolean="false"/>
            <column name="is_mandatory" type="boolean" defaultValueBoolean="false"/>
            <column name="sort_type" type="nvarchar(10)"/>
        </addColumn>
    </changeSet>
    <changeSet author="jaineet.singh" id="afe6a1b7-70ea-4c21-bf5c-3f7a600a456j">
        <preConditions onFail="MARK_RAN">
            <not>
                <tableExists tableName="core_grid_sequence_setting_aud" />
            </not>
        </preConditions>
        <createTable tableName="core_grid_sequence_setting_aud">
            <column computed="false" name="grid_setting_uuid" type="nvarchar(150)">
                <constraints nullable="false" />
            </column>
            <column computed="false" name="module_id" type="bigint" >
                <constraints nullable="false" />
            </column>
            <column computed="false" name="sequence_start" type="bigint" />
            <column computed="false" name="sequence_interval" type="int" />
            <column computed="false" name="tenant_id" type="nvarchar(100)" >
                <constraints nullable="false" />
            </column>
            <column name="REV" type="BIGINT">
                <constraints nullable="false" />
            </column>
            <column name="REVTYPE" type="TINYINT">
                <constraints nullable="false" />
            </column>
        </createTable>
        <addPrimaryKey columnNames="tenant_id,module_id,grid_setting_uuid,rev" constraintName="PK_SEQUENCE_AUD"
                       tableName="core_grid_sequence_setting_aud"/>
    </changeSet>
</databaseChangeLog>