<databaseChangeLog
		xmlns="http://www.liquibase.org/xml/ns/dbchangelog"
		xmlns:xsi="http://www.w3.org/2001/XMLSchema-instance"
		xsi:schemaLocation="http://www.liquibase.org/xml/ns/dbchangelog
   http://www.liquibase.org/xml/ns/dbchangelog/dbchangelog-3.4.xsd">
   
   <changeSet author="savan.vaishnav" id="e56d4bd3-41e5-40c2-866e-324ab1bad936">
		<preConditions onFail="MARK_RAN">
			<not>
				<tableExists tableName="CORE_GRID_SETTING_MDO" />
			</not>
		</preConditions>
		<createTable tableName="CORE_GRID_SETTING_MDO">
			<column computed="false" name="UUID" type="VARCHAR(50)">
				<constraints nullable="false" primaryKey="true" primaryKeyName="PK_CORE_GRID_SETTING_MDO" />
			</column>
			<column computed="false" name="FIELDID" type="nvarchar(50)" />
			<column computed="false" name="IS_HIDE" type="boolean" />
			<column computed="false" name="IS_DISPLAYONLY" type="boolean" />
			<column computed="false" name="TENANTID" type="nvarchar(100)" />
			<column computed="false" name="ORDER_DATA" type="TINYINT" />
		</createTable>
	</changeSet>

</databaseChangeLog>