<databaseChangeLog
		xmlns="http://www.liquibase.org/xml/ns/dbchangelog"
		xmlns:xsi="http://www.w3.org/2001/XMLSchema-instance"
		xsi:schemaLocation="http://www.liquibase.org/xml/ns/dbchangelog
   http://www.liquibase.org/xml/ns/dbchangelog/dbchangelog-3.4.xsd">
   
   <changeSet author="savan.vaishnav" id="46f9b962-cf97-4004-a459-9ad190036dc8">
		<preConditions onFail="MARK_RAN">
			<not>
				<tableExists tableName="CORE_GRID_SETTING_MDO_AUD" />
			</not>
		</preConditions>
		<createTable tableName="CORE_GRID_SETTING_MDO_AUD">
			<column computed="false" name="UUID" type="VARCHAR(50)">
				<constraints nullable="false" primaryKey="true" primaryKeyName="PK_CORE_GRID_SETTING_MDO_AUD" />
			</column>
			<column computed="false" name="FIELDID" type="nvarchar(50)" />
			<column computed="false" name="IS_HIDE" type="boolean" />
			<column computed="false" name="IS_DISPLAYONLY" type="boolean" />
			<column computed="false" name="TENANTID" type="nvarchar(100)" />
			<column computed="false" name="ORDER_DATA" type="TINYINT" />
			<!-- To enable auditing -->
			<column name="REV" type="BIGINT">
                <constraints primaryKey="true" nullable="false" />
            </column>
			<column name="REVTYPE" type="TINYINT">
				<constraints nullable="false" />
			</column>
		</createTable>
	</changeSet>

</databaseChangeLog>