<databaseChangeLog
	xmlns="http://www.liquibase.org/xml/ns/dbchangelog"
	xmlns:ext="http://www.liquibase.org/xml/ns/dbchangelog-ext"
	xmlns:xsi="http://www.w3.org/2001/XMLSchema-instance"
	xsi:schemaLocation="http://www.liquibase.org/xml/ns/dbchangelog-ext
   http://www.liquibase.org/xml/ns/dbchangelog/dbchangelog-ext.xsd 
   http://www.liquibase.org/xml/ns/dbchangelog 
   http://www.liquibase.org/xml/ns/dbchangelog/dbchangelog-3.4.xsd">
	
	<changeSet author="komal.gajera" id="1613979347155-501">
		<createTable tableName="CORE_VD_HEADER">
			<column computed="false" name="VD_ID" type="VARCHAR(50)">
				<constraints nullable="false" primaryKey="true" primaryKeyName="PK_CORE_VD_HEADER" />
			</column>
			<column computed="false" name="VD_NAME" type="nvarchar(200)" />
			<column computed="false" name="VD_DESCRIPTION" type="nvarchar(2000)" />
			<column computed="false" name="JOB_SCHEDULAR_ID" type="nvarchar(50)" />
			<column computed="false" name="TENANTID" type="nvarchar(100)" />
			<column computed="false" name="DATECREATED" type="BIGINT" />
			<column computed="false" name="USERCREATED" type="nvarchar(150)" />
			<column computed="false" name="DATEMODIFIED" type="BIGINT" />
			<column computed="false" name="USERMODIFIED" type="nvarchar(150)" />
			<column computed="false" name="INDEX_NAME" type="nvarchar(200)" />
			<column computed="false" name="TABLE_NAME" type="nvarchar(100)" />
		</createTable>
	</changeSet>	
	
	<changeSet author="komal.gajera" id="1613979347155-529">
		<createTable tableName="CORE_VD_GROUPS">
			<column computed="false" name="GROUPID" type="VARCHAR(50)">
				<constraints nullable="false" primaryKey="true" primaryKeyName="PK_CORE_VD_GROUPS" />
			</column>
			<column name="VD_ID" type="VARCHAR(50)">
                <constraints nullable="false"/>
            </column>
			<column computed="false" name="TENANTID" type="nvarchar(100)">
				<constraints nullable="false" />
			</column>
			<column computed="false" name="GROUP_NAME" type="nvarchar(200)" />
			<column computed="false" name="GROUP_DESCRIPTION" type="nvarchar(2000)" />
			<column computed="false" name="ORDER_BY" type="Integer" />
			<column computed="false" name="GROUP_TYPE" type="Integer" />
			<column computed="false" name="DATECREATED" type="BIGINT" />
			<column computed="false" name="USERCREATED" type="nvarchar(150)" />
			<column computed="false" name="DATEMODIFIED" type="BIGINT" />
			<column computed="false" name="USERMODIFIED" type="nvarchar(150)" />			
		</createTable>
		 <addForeignKeyConstraint baseColumnNames="VD_ID"
                                 baseTableName="CORE_VD_GROUPS"
                                 constraintName="FK_CORE_VD_GROUPS"
                                 onDelete="RESTRICT"
                                 onUpdate="RESTRICT"
                                 referencedColumnNames="VD_ID"
                                 referencedTableName="CORE_VD_HEADER"/>
	</changeSet>
	
	 <changeSet author="komal.gajera" id="1613979347155-505">
		<createTable tableName="CORE_VD_GRP_JOIN_INFO">
			<column computed="false" name="UUID" type="VARCHAR(50)">
				<constraints nullable="false" primaryKey="true" primaryKeyName="PK_CORE_VD_GRP_JOIN_INFO" />
			</column>
			<column name="GROUPID" type="VARCHAR(50)">
                <constraints nullable="false"/>
            </column>
			<column computed="false" name="SOURCE_ONE" type="nvarchar(200)" />
			<column computed="false" name="SOURCE_ONE_TYPE" type="Integer" />
			<column computed="false" name="SOURCE_ONE_MODULEID" type="BIGINT" />
			<column computed="false" name="SOURCE_TWO" type="nvarchar(200)" />
			<column computed="false" name="SOURCE_TWO_TYPE" type="Integer" />
			<column computed="false" name="SOURCE_TWO_MODULEID" type="BIGINT" />
			<column computed="false" name="SOURCE_ONE_SCOPE_UDRID" type="nvarchar(50)" />
			<column computed="false" name="SOURCE_TWO_SCOPE_UDRID" type="nvarchar(50)" />
			<column computed="false" name="RESULT_SCOPE_UDRID" type="nvarchar(50)" />
			<column computed="false" name="JOIN_TYPE" type="Integer" />
			<column computed="false" name="JOIN_OPERATOR" type="Integer" />
		</createTable>
		<addForeignKeyConstraint baseColumnNames="GROUPID"
                                 baseTableName="CORE_VD_GRP_JOIN_INFO"
                                 constraintName="FK_CORE_VD_GRP_JOIN_INFO"
                                 onDelete="RESTRICT"
                                 onUpdate="RESTRICT"
                                 referencedColumnNames="GROUPID"
                                 referencedTableName="CORE_VD_GROUPS"/>
	</changeSet>
	
	<changeSet author="komal.gajera" id="1613979347155-507">
		<createTable tableName="CORE_VD_GRP_JOIN_ON">
			<column computed="false" name="JOIN_ON_ID" type="VARCHAR(50)">
				<constraints nullable="false" primaryKey="true" primaryKeyName="PK_CORE_VD_GRP_JOIN_ON" />
			</column>
			<column name="GRP_INFO_ID" type="VARCHAR(50)">
                <constraints nullable="false"/>
            </column>
			<column computed="false" name="SOURCE_ONE" type="nvarchar(100)" />
			<column computed="false" name="SOURCE_ONE_FIELDID" type="nvarchar(100)" />
			<column computed="false" name="SOURCE_TWO" type="nvarchar(100)" />
			<column computed="false" name="SOURCE_TWO_FIELDID" type="nvarchar(100)" />
			<column computed="false" name="COMPARE_OPERATOR" type="Integer" />
		</createTable>
		<addForeignKeyConstraint baseColumnNames="GRP_INFO_ID"
                                 baseTableName="CORE_VD_GRP_JOIN_ON"
                                 constraintName="FK_CORE_VD_GRP_JOIN_ON"
                                 onDelete="RESTRICT"
                                 onUpdate="RESTRICT"
                                 referencedColumnNames="GROUPID"
                                 referencedTableName="CORE_VD_GROUPS"/>
	</changeSet>
	
	<changeSet author="komal.gajera" id="1613979347155-509">
		<createTable tableName="CORE_VD_GRP_JOIN_MAPPING">
			<column computed="false" name="UUID" type="VARCHAR(50)">
				<constraints nullable="false" primaryKey="true" primaryKeyName="PK_CORE_VD_GRP_JOIN_MAPPING" />
			</column>
			<column name="GRP_INFO_ID" type="VARCHAR(50)">
                <constraints nullable="false"/>
            </column>
			<column computed="false" name="SOURCE_ONE_FIELDID" type="nvarchar(100)" />
			<column computed="false" name="SOURCE_TWO_FIELDID" type="nvarchar(100)" />
			<column computed="false" name="COMPARE_OPERATOR" type="Integer" />
			<column computed="false" name="ORDER_BY" type="tinyint" />
		</createTable>
		<addForeignKeyConstraint baseColumnNames="GRP_INFO_ID"
                                 baseTableName="CORE_VD_GRP_JOIN_MAPPING"
                                 constraintName="FK_CORE_VD_GRP_JOIN_MAPPING"
                                 onDelete="RESTRICT"
                                 onUpdate="RESTRICT"
                                 referencedColumnNames="UUID"
                                 referencedTableName="CORE_VD_GRP_JOIN_INFO"/>
	</changeSet>
	
	<changeSet author="komal.gajera" id="1613979347155-511">
		<createTable tableName="CORE_VD_GRP_TRANS_INFO">
			<column computed="false" name="UUID" type="VARCHAR(50)">
				<constraints nullable="false" primaryKey="true" primaryKeyName="PK_CORE_VD_GRP_TRANS_INFO" />
			</column>
			<column name="GROUPID" type="VARCHAR(50)">
                <constraints nullable="false"/>
            </column>
			<column computed="false" name="SOURCE" type="nvarchar(200)" />
			<column computed="false" name="SOURCE_TYPE" type="Integer" />
			<column computed="false" name="SOURCE_MODULEID" type="BIGINT" />
			<column computed="false" name="SOURCE_SCOPE_UDRID" type="nvarchar(50)" />
			<column computed="false" name="RESULT_SCOPE_UDRID" type="nvarchar(50)" />
			<column computed="false" name="SOURCE_SCOPE" type="Integer" />
		</createTable>
		<addForeignKeyConstraint baseColumnNames="GROUPID"
                                 baseTableName="CORE_VD_GRP_TRANS_INFO"
                                 constraintName="FK_CORE_VD_GRP_TRANS_INFO"
                                 onDelete="RESTRICT"
                                 onUpdate="RESTRICT"
                                 referencedColumnNames="GROUPID"
                                 referencedTableName="CORE_VD_GROUPS"/>
	</changeSet>
	
		<changeSet author="komal.gajera" id="1613979347155-513">
		<createTable tableName="CORE_VD_TRANS_FIELDSETTING">
			<column computed="false" name="TRANS_FIELD_ID" type="VARCHAR(50)">
				<constraints nullable="false" primaryKey="true" primaryKeyName="PK_CORE_VD_TRANS_FIELDSETTING" />
			</column>
			<column name="GROUPID" type="VARCHAR(50)">
                <constraints nullable="false"/>
            </column>
            <column name="TRANSFORMATION_ID" type="VARCHAR(50)">
                <constraints nullable="false"/>
            </column>
			<column computed="false" name="FIELDNAME" type="nvarchar(100)" />
			<column computed="false" name="RULE_TYPE" type="nvarchar(100)" />
			<column computed="false" name="FIELDDESCRIPTION" type="nvarchar(200)" />
			<column computed="false" name="IS_CUSTOMFIELD" type="boolean" />
			<column computed="false" name="IS_GROUPBY" type="boolean" />
			<column computed="false" name="FIELD_ALIAS" type="nvarchar(100)" />
			<column computed="false" name="LENGTH" type="Integer" />
			<column computed="false" name="DATA_TYPE" type="nvarchar(100)" />
		</createTable>
		<addForeignKeyConstraint baseColumnNames="GROUPID"
                                 baseTableName="CORE_VD_TRANS_FIELDSETTING"
                                 constraintName="FK_CORE_VD_TRANS_FIELDSETTING_GROUPID"
                                 onDelete="RESTRICT"
                                 onUpdate="RESTRICT"
                                 referencedColumnNames="GROUPID"
                                 referencedTableName="CORE_VD_GROUPS"/>
        <addForeignKeyConstraint baseColumnNames="TRANSFORMATION_ID"
                                 baseTableName="CORE_VD_TRANS_FIELDSETTING"
                                 constraintName="FK_CORE_VD_TRANS_FIELDSETTING_TRANSFORMATION_ID"
                                 onDelete="RESTRICT"
                                 onUpdate="RESTRICT"
                                 referencedColumnNames="UUID"
                                 referencedTableName="CORE_VD_GRP_TRANS_INFO"/>
	</changeSet>
	
	<changeSet author="komal.gajera" id="1613979347155-515">
		<createTable tableName="CORE_VD_TRANS_RULE_CONCAT">
			<column computed="false" name="VD_CONCAT_ID" type="VARCHAR(50)">
				<constraints nullable="false" primaryKey="true" primaryKeyName="PK_CORE_VD_TRANS_RULE_CONCAT" />
			</column>
			 <column name="TRANS_FIELD_ID" type="VARCHAR(50)">
                <constraints nullable="false"/>
            </column>
			<column computed="false" name="FIELD_TYPE" type="Integer" />
			<column computed="false" name="FIELD_VALUE" type="nvarchar(200)" />
			<column computed="false" name="FIELD_NAME" type="nvarchar(100)" />			
		</createTable>
		<addForeignKeyConstraint baseColumnNames="TRANS_FIELD_ID"
                                 baseTableName="CORE_VD_TRANS_RULE_CONCAT"
                                 constraintName="FK_CORE_VD_TRANS_RULE_CONCAT"
                                 onDelete="RESTRICT"
                                 onUpdate="RESTRICT"
                                 referencedColumnNames="TRANS_FIELD_ID"
                                 referencedTableName="CORE_VD_TRANS_FIELDSETTING"/>
	</changeSet>
	
	<changeSet author="komal.gajera" id="1613979347155-517">
		<createTable tableName="CORE_VD_TRANS_RULE_REPLACE">
			<column computed="false" name="VD_REPLACE_ID" type="VARCHAR(50)">
				<constraints nullable="false" primaryKey="true" primaryKeyName="PK_CORE_VD_TRANS_RULE_REPLACE" />
			</column>
			<column name="TRANS_FIELD_ID" type="VARCHAR(50)">
                <constraints nullable="false"/>
            </column>
			<column computed="false" name="REPLACE_FROM" type="nvarchar(200)" />
			<column computed="false" name="REPLACE_WITH" type="nvarchar(200)" />
		</createTable>
		<addForeignKeyConstraint baseColumnNames="TRANS_FIELD_ID"
                                 baseTableName="CORE_VD_TRANS_RULE_REPLACE"
                                 constraintName="FK_CORE_VD_TRANS_RULE_REPLACE"
                                 onDelete="RESTRICT"
                                 onUpdate="RESTRICT"
                                 referencedColumnNames="TRANS_FIELD_ID"
                                 referencedTableName="CORE_VD_TRANS_FIELDSETTING"/>
	</changeSet>
	
	<changeSet author="komal.gajera" id="1613979347155-519">
		<createTable tableName="CORE_VD_GRP_RESULTS">
			<column computed="false" name="UUID" type="VARCHAR(50)">
				<constraints nullable="false" primaryKey="true" primaryKeyName="PK_CORE_VD_GRP_RESULTS" />
			</column>
			<column name="VD_ID" type="VARCHAR(50)">
                <constraints nullable="false"/>
            </column>
            <column name="GROUPID" type="VARCHAR(50)">
                <constraints nullable="false"/>
            </column>
			<column computed="false" name="SOURCE" type="nvarchar(200)" />
			<column computed="false" name="FIELDID" type="nvarchar(100)" />
			<column computed="false" name="FIELD_ALIAS" type="nvarchar(200)" />
			<column computed="false" name="ORDER_BY" type="tinyint" />
		</createTable>
		<addForeignKeyConstraint baseColumnNames="VD_ID"
                                 baseTableName="CORE_VD_GRP_RESULTS"
                                 constraintName="FK_CORE_VD_GRP_RESULTS_VD_ID"
                                 onDelete="RESTRICT"
                                 onUpdate="RESTRICT"
                                 referencedColumnNames="VD_ID"
                                 referencedTableName="CORE_VD_HEADER"/>
		<addForeignKeyConstraint baseColumnNames="GROUPID"
                                 baseTableName="CORE_VD_GRP_RESULTS"
                                 constraintName="FK_CORE_VD_GRP_RESULTS_GROUPID"
                                 onDelete="RESTRICT"
                                 onUpdate="RESTRICT"
                                 referencedColumnNames="GROUPID"
                                 referencedTableName="CORE_VD_GROUPS"/>
                                 
	</changeSet>
	

	<changeSet author="komal.gajera" id="1634033994-601">
		<addNotNullConstraint tableName="CORE_VD_HEADER" columnName="VD_NAME" columnDataType="nvarchar(200)"/>
		<addNotNullConstraint tableName="CORE_VD_HEADER" columnName="TENANTID" columnDataType="nvarchar(100)"/>
	</changeSet>

	<changeSet author="komal.gajera" id="1613979347155-810">
		<createTable tableName="CORE_VD_SCHEDULER">
			<column computed="false" name="SCHEDULER_ID" type="VARCHAR(50)">
				<constraints nullable="false" primaryKey="true" primaryKeyName="PK_CORE_VD_SCHEDULER" />
			</column>
			<column name="VD_ID" type="VARCHAR(50)">
                <constraints nullable="false"/>
            </column>
			<column computed="false" name="VD_OBJECT" type="clob" />
			<column computed="false" name="REST_ENDPOINT" type="nvarchar(200)" />
			<column computed="false" name="REST_PARAMS" type="clob" />
			<column computed="false" name="REST_BODY" type="nvarchar(200)" />
			<column computed="false" name="REST_METHOD" type="nvarchar(20)" />
			<column computed="false" name="TENANT_ID" type="nvarchar(100)" />
			<column computed="false" name="START_TIME" type="timestamp" />
			<column computed="false" name="END_TIME" type="timestamp" />
			<column computed="false" name="CRON" type="nvarchar(200)" />
		</createTable>
		<addForeignKeyConstraint baseColumnNames="VD_ID"
                                 baseTableName="CORE_VD_SCHEDULER"
                                 constraintName="FK_CORE_VD_SCHEDULER_VD_ID"
                                 onDelete="RESTRICT"
                                 onUpdate="RESTRICT"
                                 referencedColumnNames="VD_ID"
                                 referencedTableName="CORE_VD_HEADER"/>
                                 
	</changeSet>	
	
</databaseChangeLog>
