<databaseChangeLog
	xmlns="http://www.liquibase.org/xml/ns/dbchangelog"
	xmlns:ext="http://www.liquibase.org/xml/ns/dbchangelog-ext"
	xmlns:xsi="http://www.w3.org/2001/XMLSchema-instance"
	xsi:schemaLocation="http://www.liquibase.org/xml/ns/dbchangelog-ext
   http://www.liquibase.org/xml/ns/dbchangelog/dbchangelog-ext.xsd 
   http://www.liquibase.org/xml/ns/dbchangelog 
   http://www.liquibase.org/xml/ns/dbchangelog/dbchangelog-3.4.xsd">
	
	<changeSet author="komal.gajera" id="1613979347155-502">
		<createTable tableName="CORE_VD_HEADER_AUD">
			<column computed="false" name="VD_ID" type="VARCHAR(50)">
				<constraints nullable="false" primaryKey="true" primaryKeyName="PK_CORE_VD_HEADER_AUD" />
			</column>
			<column computed="false" name="VD_NAME" type="nvarchar(200)" />
			<column computed="false" name="VD_DESCRIPTION" type="nvarchar(2000)" />
			<column computed="false" name="JOB_SCHEDULAR_ID" type="nvarchar(50)" />
			<column computed="false" name="TENANTID" type="nvarchar(100)" />
			<column computed="false" name="DATECREATED" type="BIGINT" />
			<column computed="false" name="USERCREATED" type="nvarchar(150)" />
			<column computed="false" name="DATEMODIFIED" type="BIGINT" />
			<column computed="false" name="USERMODIFIED" type="nvarchar(150)" />
			<column computed="false" name="INDEX_NAME" type="nvarchar(200)" />
			<column computed="false" name="TABLE_NAME" type="nvarchar(100)" />
			<!-- To enable auditing -->
			<column name="REV" type="BIGINT">
                <constraints primaryKey="true" nullable="false" />
            </column>
			<column name="REVTYPE" type="TINYINT">
				<constraints nullable="false" />
			</column>
		</createTable>
	</changeSet>
	
	 <changeSet author="komal.gajera" id="1613979347155-581">
		<createTable tableName="CORE_VD_GROUPS_AUD">
			<column computed="false" name="GROUPID" type="VARCHAR(50)">
				<constraints nullable="false" />
			</column>
			<column computed="false" name="VD_ID" type="VARCHAR(50)" />
			<column computed="false" name="TENANTID" type="nvarchar(100)" />
			<column computed="false" name="GROUP_NAME" type="nvarchar(200)" />
			<column computed="false" name="GROUP_DESCRIPTION" type="nvarchar(2000)" />
			<column computed="false" name="ORDER_BY" type="Integer" />
			<column computed="false" name="GROUP_TYPE" type="Integer" />
			<column computed="false" name="DATECREATED" type="BIGINT" />
			<column computed="false" name="USERCREATED" type="nvarchar(150)" />
			<column computed="false" name="DATEMODIFIED" type="BIGINT" />
			<column computed="false" name="USERMODIFIED" type="nvarchar(150)" />
			<!-- To enable auditing -->
			<column name="REV" type="BIGINT">
                <constraints nullable="false" />
            </column>
			<column name="REVTYPE" type="TINYINT">
				<constraints nullable="false" />
			</column>			
		</createTable>
		<addPrimaryKey columnNames="GROUPID,REV" constraintName="PK_CORE_VD_GROUPS_AUD"  tableName="CORE_VD_GROUPS_AUD" />                                  
	</changeSet> 
	
	 <changeSet author="komal.gajera" id="1613979347155-582">
		<createTable tableName="CORE_VD_GRP_JOIN_INFO_AUD">
			<column computed="false" name="UUID" type="VARCHAR(50)">
				<constraints nullable="false" />
			</column>
			<column computed="false" name="GROUPID" type="VARCHAR(50)"/>
			<column computed="false" name="SOURCE_ONE" type="nvarchar(200)" />
			<column computed="false" name="SOURCE_ONE_TYPE" type="Integer" />
			<column computed="false" name="SOURCE_ONE_MODULEID" type="BIGINT" />
			<column computed="false" name="SOURCE_TWO" type="nvarchar(200)" />
			<column computed="false" name="SOURCE_TWO_TYPE" type="Integer" />
			<column computed="false" name="SOURCE_TWO_MODULEID" type="BIGINT" />
			<column computed="false" name="SOURCE_ONE_SCOPE_UDRID" type="nvarchar(50)" />
			<column computed="false" name="SOURCE_TWO_SCOPE_UDRID" type="nvarchar(50)" />
			<column computed="false" name="RESULT_SCOPE_UDRID" type="nvarchar(50)" />
			<column computed="false" name="JOIN_TYPE" type="Integer" />
			<column computed="false" name="JOIN_OPERATOR" type="Integer" />
			<!-- To enable auditing -->
			<column name="REV" type="BIGINT">
                <constraints nullable="false" />
            </column>
			<column name="REVTYPE" type="TINYINT">
				<constraints nullable="false" />
			</column>
		</createTable>
		<addPrimaryKey columnNames="UUID,REV" constraintName="PK_CORE_VD_GRP_JOIN_INFO_AUD"  tableName="CORE_VD_GRP_JOIN_INFO_AUD" />   
	</changeSet>
	
	<changeSet author="komal.gajera" id="1613979347155-601">
		<createTable tableName="CORE_VD_GRP_JOIN_ON_AUD">
			<column computed="false" name="JOIN_ON_ID" type="VARCHAR(50)">
				<constraints nullable="false" />
			</column>
			<column computed="false"  name="GRP_INFO_ID" type="VARCHAR(50)" />
			<column computed="false" name="SOURCE_ONE" type="nvarchar(100)" />
			<column computed="false" name="SOURCE_ONE_FIELDID" type="nvarchar(100)" />
			<column computed="false" name="SOURCE_TWO" type="nvarchar(100)" />
			<column computed="false" name="SOURCE_TWO_FIELDID" type="nvarchar(100)" />
			<column computed="false" name="COMPARE_OPERATOR" type="Integer" />
			<!-- To enable auditing -->
			<column name="REV" type="BIGINT">
                <constraints nullable="false" />
            </column>
			<column name="REVTYPE" type="TINYINT">
				<constraints nullable="false" />
			</column>
		</createTable>
		<addPrimaryKey columnNames="JOIN_ON_ID,REV" constraintName="PK_CORE_VD_GRP_JOIN_ON_AUD"  tableName="CORE_VD_GRP_JOIN_ON_AUD" />
	</changeSet>
	
	<changeSet author="komal.gajera" id="1613979347155-584">
		<createTable tableName="CORE_VD_GRP_JOIN_MAPPING_AUD">
			<column computed="false" name="UUID" type="VARCHAR(50)">
				<constraints nullable="false" />
			</column>
			<column computed="false" name="GRP_INFO_ID" type="VARCHAR(50)"/>
			<column computed="false" name="SOURCE_ONE_FIELDID" type="nvarchar(100)" />
			<column computed="false" name="SOURCE_TWO_FIELDID" type="nvarchar(100)" />
			<column computed="false" name="COMPARE_OPERATOR" type="Integer" />
			<column computed="false" name="ORDER_BY" type="tinyint" />
			<!-- To enable auditing -->
			<column name="REV" type="BIGINT">
                <constraints nullable="false" />
            </column>
			<column name="REVTYPE" type="TINYINT">
				<constraints nullable="false" />
			</column>
		</createTable>
		<addPrimaryKey columnNames="UUID,REV" constraintName="PK_CORE_VD_GRP_JOIN_MAPPING_AUD"  tableName="CORE_VD_GRP_JOIN_MAPPING_AUD" />
	</changeSet>
	
	<changeSet author="komal.gajera" id="1613979347155-585">
		<createTable tableName="CORE_VD_GRP_TRANS_INFO_AUD">
			<column computed="false" name="UUID" type="VARCHAR(50)">
				<constraints nullable="false" />
			</column>
			<column computed="false" name="GROUPID" type="VARCHAR(50)"/>
			<column computed="false" name="SOURCE" type="nvarchar(200)" />
			<column computed="false" name="SOURCE_TYPE" type="Integer" />
			<column computed="false" name="SOURCE_MODULEID" type="BIGINT" />
			<column computed="false" name="SOURCE_SCOPE_UDRID" type="nvarchar(50)" />
			<column computed="false" name="RESULT_SCOPE_UDRID" type="nvarchar(50)" />
			<column computed="false" name="SOURCE_SCOPE" type="Integer" />
			<!-- To enable auditing -->
			<column name="REV" type="BIGINT">
                <constraints nullable="false" />
            </column>
			<column name="REVTYPE" type="TINYINT">
				<constraints nullable="false" />
			</column>
		</createTable>
		<addPrimaryKey columnNames="UUID,REV" constraintName="PK_CORE_VD_GRP_TRANS_INFO_AUD"  tableName="CORE_VD_GRP_TRANS_INFO_AUD" />
	</changeSet>
	
	<changeSet author="komal.gajera" id="1613979347155-586">
		<createTable tableName="CORE_VD_TRANS_FIELDSETTING_AUD">
			<column computed="false" name="TRANS_FIELD_ID" type="VARCHAR(50)">
				<constraints nullable="false" />
			</column>
			<column computed="false" name="GROUPID" type="VARCHAR(50)"/>
            <column computed="false" name="TRANSFORMATION_ID" type="VARCHAR(50)"/>
			<column computed="false" name="FIELDNAME" type="nvarchar(100)" />
			<column computed="false" name="RULE_TYPE" type="nvarchar(100)" />
			<column computed="false" name="FIELDDESCRIPTION" type="nvarchar(200)" />
			<column computed="false" name="IS_CUSTOMFIELD" type="boolean" />
			<column computed="false" name="IS_GROUPBY" type="boolean" />
			<column computed="false" name="FIELD_ALIAS" type="nvarchar(100)" />
			<column computed="false" name="LENGTH" type="Integer" />
			<column computed="false" name="DATA_TYPE" type="nvarchar(100)" />
			<!-- To enable auditing -->
			<column name="REV" type="BIGINT">
                <constraints nullable="false" />
            </column>
			<column name="REVTYPE" type="TINYINT">
				<constraints nullable="false" />
			</column>
		</createTable>
		<addPrimaryKey columnNames="TRANS_FIELD_ID,REV" constraintName="PK_CORE_VD_TRANS_FIELDSETTING_AUD"  tableName="CORE_VD_TRANS_FIELDSETTING_AUD" />
		</changeSet>
	
	<changeSet author="komal.gajera" id="1613979347155-587">
		<createTable tableName="CORE_VD_TRANS_RULE_CONCAT_AUD">
			<column computed="false" name="VD_CONCAT_ID" type="VARCHAR(50)">
				<constraints nullable="false" />
			</column>
			<column computed="false" name="TRANS_FIELD_ID" type="VARCHAR(50)"/>
			<column computed="false" name="FIELD_TYPE" type="Integer"/>
			<column computed="false" name="FIELD_VALUE" type="nvarchar(200)" />
			<column computed="false" name="FIELD_NAME" type="nvarchar(100)" />
			<!-- To enable auditing -->
			<column name="REV" type="BIGINT">
                <constraints nullable="false" />
            </column>
			<column name="REVTYPE" type="TINYINT">
				<constraints nullable="false" />
			</column>
		</createTable>
		<addPrimaryKey columnNames="VD_CONCAT_ID,REV" constraintName="PK_CORE_VD_TRANS_RULE_CONCAT_AUD"  tableName="CORE_VD_TRANS_RULE_CONCAT_AUD" />
	</changeSet>
	
	<changeSet author="komal.gajera" id="1613979347155-588">
		<createTable tableName="CORE_VD_TRANS_RULE_REPLACE_AUD">
			<column computed="false" name="VD_REPLACE_ID" type="VARCHAR(50)">
				<constraints nullable="false" />
			</column>
			<column computed="false"  name="TRANS_FIELD_ID" type="VARCHAR(50)"/>
			<column computed="false" name="REPLACE_FROM" type="nvarchar(200)" />
			<column computed="false" name="REPLACE_WITH" type="nvarchar(200)" />
			<!-- To enable auditing -->
			<column name="REV" type="BIGINT">
                <constraints nullable="false" />
            </column>
			<column name="REVTYPE" type="TINYINT">
				<constraints nullable="false" />
			</column>
		</createTable>
		<addPrimaryKey columnNames="VD_REPLACE_ID,REV" constraintName="PK_CORE_VD_TRANS_RULE_REPLACE_AUD"  tableName="CORE_VD_TRANS_RULE_REPLACE_AUD" />
		</changeSet>
	
	<changeSet author="komal.gajera" id="1613979347155-589">
		<createTable tableName="CORE_VD_GRP_RESULTS_AUD">
			<column computed="false" name="UUID" type="VARCHAR(50)">
				<constraints nullable="false" />
			</column>
			<column computed="false" name="VD_ID" type="VARCHAR(50)"/>
            <column computed="false" name="GROUPID" type="VARCHAR(50)"/>
			<column computed="false" name="SOURCE" type="nvarchar(200)" />
			<column computed="false" name="FIELDID" type="nvarchar(100)" />
			<column computed="false" name="FIELD_ALIAS" type="nvarchar(200)" />
			<column computed="false" name="ORDER_BY" type="tinyint" />
			<!-- To enable auditing -->
			<column name="REV" type="BIGINT">
                <constraints nullable="false" />
            </column>
			<column name="REVTYPE" type="TINYINT">
				<constraints nullable="false" />
			</column>
		</createTable>
		<addPrimaryKey columnNames="UUID,REV" constraintName="PK_CORE_VD_GRP_RESULTS_AUD"  tableName="CORE_VD_GRP_RESULTS_AUD" />
	</changeSet>	
	
	<changeSet author="komal.gajera" id="1634033994-602">
	 <dropPrimaryKey  tableName= "CORE_VD_HEADER_AUD" constraintName="PK_CORE_VD_HEADER_AUD"/>
		<addPrimaryKey columnNames="VD_ID,REV" constraintName="PK_CORE_VD_HEADER_AUD"  tableName="CORE_VD_HEADER_AUD" />
	</changeSet>
	
	<changeSet author="komal.gajera" id="1613979347155-812">
		<createTable tableName="CORE_VD_SCHEDULER_AUD">
			<column computed="false" name="SCHEDULER_ID" type="VARCHAR(50)">
				<constraints nullable="false" />
			</column>
			<column computed="false" name="VD_ID" type="VARCHAR(50)"/>
			<column computed="false" name="VD_OBJECT" type="clob" />
			<column computed="false" name="REST_ENDPOINT" type="nvarchar(200)" />
			<column computed="false" name="REST_PARAMS" type="clob" />
			<column computed="false" name="REST_BODY" type="nvarchar(200)" />
			<column computed="false" name="REST_METHOD" type="nvarchar(20)" />
			<column computed="false" name="TENANT_ID" type="nvarchar(100)" />
			<column computed="false" name="START_TIME" type="timestamp" />
			<column computed="false" name="END_TIME" type="timestamp" />
			<column computed="false" name="CRON" type="nvarchar(200)" />
			<!-- To enable auditing -->
			<column name="REV" type="BIGINT">
                <constraints nullable="false" />
            </column>
			<column name="REVTYPE" type="TINYINT">
				<constraints nullable="false" />
			</column>
		</createTable>
        <addPrimaryKey columnNames="SCHEDULER_ID,REV" constraintName="PK_CORE_VD_SCHEDULER_AUD"  tableName="CORE_VD_SCHEDULER_AUD" />                  
	</changeSet>
</databaseChangeLog>
