<databaseChangeLog
	xmlns="http://www.liquibase.org/xml/ns/dbchangelog"
	xmlns:ext="http://www.liquibase.org/xml/ns/dbchangelog-ext"
	xmlns:xsi="http://www.w3.org/2001/XMLSchema-instance"
	xsi:schemaLocation="http://www.liquibase.org/xml/ns/dbchangelog-ext
   http://www.liquibase.org/xml/ns/dbchangelog/dbchangelog-ext.xsd 
   http://www.liquibase.org/xml/ns/dbchangelog 
   http://www.liquibase.org/xml/ns/dbchangelog/dbchangelog-3.4.xsd">

	<!-- To enable auditing -->
	<changeSet author="savan" id="1619067292-387">
		<createTable tableName="CORE_UI_REVINFO">
			<column name="ID" type="BIGINT" autoIncrement="true">
                <constraints primaryKey="true" nullable="false" />
            </column>
            <column name="TIMESTAMP" type="BIGINT" />
            <column name="USERMODIFIED" type="NVARCHAR(150)" />
            <column name="PROCESSID" type="NVARCHAR(100)" />
            <column name="TENANTID" type="NVARCHAR(150)" />
		</createTable>
	</changeSet>
	
</databaseChangeLog>