<databaseChangeLog
	xmlns="http://www.liquibase.org/xml/ns/dbchangelog"
	xmlns:ext="http://www.liquibase.org/xml/ns/dbchangelog-ext"
	xmlns:xsi="http://www.w3.org/2001/XMLSchema-instance"
	xsi:schemaLocation="http://www.liquibase.org/xml/ns/dbchangelog-ext
   http://www.liquibase.org/xml/ns/dbchangelog/dbchangelog-ext.xsd 
   http://www.liquibase.org/xml/ns/dbchangelog 
   http://www.liquibase.org/xml/ns/dbchangelog/dbchangelog-3.4.xsd">

	<changeSet author="savan.vaishnav" id="1613979347155-386">
		<preConditions onFail="MARK_RAN">
			<not>
				<tableExists tableName="CORE_METADATA_MDO" />
			</not>
		</preConditions>
		<createTable tableName="CORE_METADATA_MDO">
			<column computed="false" name="FIELDID" type="nvarchar(50)">
				<constraints nullable="false" />
			</column>
			<column computed="false" name="DATATYPE" type="nvarchar(50)" />
			<column computed="false" name="MAXCHAR" type="BIGINT" />
			<column computed="false" name="PICKLIST" type="nvarchar(50)" />
			<column computed="false" name="OUTPUTLEN" type="nvarchar(50)" />
			<column computed="false" name="STRUCTUREID" type="TINYINT" />
			<column computed="false" name="PICKSERVICE" type="nvarchar(50)" />
			<column computed="false" name="IS_KEYFIELD" type="boolean" />
			<column computed="false" name="MODULEID" type="BIGINT" >
				<constraints nullable="false" />
			</column>
			<column computed="false" name="PARENTFIELD" type="nvarchar(50)" />
			<column computed="false" name="IS_CRITERIAFIELD" type="boolean" />
			<column computed="false" name="IS_REFERENCE" type="boolean" />
			<column computed="false" name="IS_DEFAULT" type="boolean" />
			<column computed="false" name="IS_WORKFLOW" type="boolean" />
			<column computed="false" name="IS_HEIRARCHY" type="boolean" />
			<column computed="false" name="IS_DESCRIPTION" type="boolean" />
			<column computed="false" name="IS_WORKFLOWCRITERIA" type="boolean" />
			<column computed="false" name="IS_NUMSETTINGCRITERIA" type="boolean" />
			<column computed="false" name="IS_CHECKLIST" type="boolean" />
			<column computed="false" name="IS_COMPBASED" type="boolean" />
			<column computed="false" name="TENANTID" type="nvarchar(100)" >
				<constraints nullable="false" />
			</column>
			<column computed="false" name="USERMODIFIED" type="nvarchar(150)" />
			<column computed="false" name="DATEMODIFIED" type="BIGINT" />
			<column computed="false" name="DECIMALVALUE" type="nvarchar(5)" />
			<column computed="false" name="IS_TRANSIENT" type="boolean" />
			<column computed="false" name="TEXTCASE" type="varchar(50)" />
			<column computed="false" name="ATTACHMENT_SIZE" type="nvarchar(50)" />
			<column computed="false" name="FILE_TYPES" type="nvarchar(200)" />
			<column computed="false" name="IS_FUTURE_DATE" type="boolean" />
			<column computed="false" name="IS_PAST_DATE" type="boolean" />
			<column computed="false" name="IS_SEARCHENGINE" type="boolean" />
		</createTable>
		<addPrimaryKey columnNames="FIELDID, MODULEID, TENANTID" constraintName="PK_CORE_METADATA_MDO"  tableName="CORE_METADATA_MDO" />
	</changeSet>
	
	<changeSet author="savan.vaishnav" id="1613979347155-377">
		<preConditions onFail="MARK_RAN">
			<not>
				<tableExists tableName="CORE_METADATA_LANG_MDO" />
			</not>
		</preConditions>
		<createTable tableName="CORE_METADATA_LANG_MDO">
			<column computed="false" name="UUID" type="VARCHAR(50)">
				<constraints nullable="false" primaryKey="true" primaryKeyName="PK_CORE_METADATA_LANG_MDO" />
			</column>
			<column computed="false" name="FIELDID" type="nvarchar(50)" />
			<column computed="false" name="LANGUAGE" type="varchar(5)" />
			<column computed="false" name="SHORTTEXT" type="nvarchar(250)" />
			<column computed="false" name="LONGTEXT" type="clob" />
			<column computed="false" name="HELPTEXT" type="clob" />
			<column computed="false" name="TENANTID" type="nvarchar(100)" />
			<column computed="false" name="MODULEID" type="BIGINT" />
		</createTable>
	</changeSet>
	
</databaseChangeLog>