<databaseChangeLog
        xmlns="http://www.liquibase.org/xml/ns/dbchangelog"
        xmlns:xsi="http://www.w3.org/2001/XMLSchema-instance"
        xsi:schemaLocation="http://www.liquibase.org/xml/ns/dbchangelog
   http://www.liquibase.org/xml/ns/dbchangelog/dbchangelog-3.4.xsd">

    <changeSet author="jaineetsingh" id="7761000-3878-4009-rt25">
        <addColumn tableName="CORE_METADATA_MDO_AUD">
            <column name="is_permission" type="boolean" defaultValueBoolean="false"/>
        </addColumn>
    </changeSet>
    <changeSet author="jaineetsingh" id="7761000-3878-4009-90iu-yuts">
        <addColumn tableName="CORE_METADATA_MDO_AUD">
            <column name="is_rejection" type="boolean" defaultValueBoolean="false"/>
            <column name="is_request" type="boolean" defaultValueBoolean="false"/>
        </addColumn>
    </changeSet>
</databaseChangeLog>