<databaseChangeLog
        xmlns="http://www.liquibase.org/xml/ns/dbchangelog"
        xmlns:xsi="http://www.w3.org/2001/XMLSchema-instance"
        xsi:schemaLocation="http://www.liquibase.org/xml/ns/dbchangelog
   http://www.liquibase.org/xml/ns/dbchangelog/dbchangelog-3.4.xsd">

    <changeSet author="jaineetsingh" id="7761000-3878-4009-25ghs35">
        <addColumn tableName="CORE_METADATA_MDO">
            <column name="is_sub_grid" type="boolean" defaultValueBoolean="false"/>
        </addColumn>
    </changeSet>
    <changeSet author="satyam.gupta" id="a78ecde1-1047-4126-a7eui7">
		<preConditions onFail="MARK_RAN">
			<not>
				<tableExists tableName="CORE_METADATA_REFERENCE_RULES" />
			</not>
		</preConditions>
		<createTable tableName="CORE_METADATA_REFERENCE_RULES">
			<column computed="false" name="REFERENCE_UUID" type="VARCHAR(50)">
				<constraints nullable="false" primaryKey="true" primaryKeyName="PK_CORE_METADATA_REFERENCE_RULES" />
			</column>
			<column computed="false" name="MODULEID" type="bigint"/>
			<column computed="false" name="FIELDID" type="nvarchar(50)" />
			<column computed="false" name="DATA_REFERENCE_FIELDID" type="nvarchar(50)" />
			<column computed="false" name="REFERENCED_MODULEID" type="bigint" />
			<column computed="false" name="REFERENCED_FIELDID" type="nvarchar(50)" />
			<column computed="false" name="TENANTID" type="nvarchar(100)" />
			<column computed="false" name="ORDER_DATA" type="smallint" />
		</createTable>
	</changeSet>
    <changeSet author="satyamgupta" id="6e632725-fc2d-41df-8ed6-de2d5ef1daeb">
        <addColumn tableName="CORE_METADATA_MDO">
            <column name="options_limit" type="smallint"/>
        </addColumn>
    </changeSet>
</databaseChangeLog>